Date,Open,High,Low,Close,Volume,Dividends,Stock Splits
2022-10-26 00:00:00-04:00,28.25,28.25,28.25,28.25,0,0.0,0.0
2022-10-27 00:00:00-04:00,27.270000457763672,27.270000457763672,27.270000457763672,27.270000457763672,0,0.0,0.0
2022-10-28 00:00:00-04:00,27.059999465942383,28.6299991607666,27.0,27.0,3214100,0.0,0.0
2022-10-31 00:00:00-04:00,27.0,27.1200008392334,26.0,26.3799991607666,3930900,0.0,0.0
2022-11-01 00:00:00-04:00,26.3799991607666,26.399999618530273,25.3700008392334,25.899999618530273,2363000,0.0,0.0
2022-11-02 00:00:00-04:00,25.84000015258789,26.31999969482422,25.25,25.489999771118164,2343100,0.0,0.0
2022-11-03 00:00:00-04:00,25.040000915527344,26.540000915527344,24.850000381469727,26.010000228881836,3110600,0.0,0.0
2022-11-04 00:00:00-04:00,26.3799991607666,26.780000686645508,25.770000457763672,25.889999389648438,842200,0.0,0.0
2022-11-07 00:00:00-05:00,25.84000015258789,26.030000686645508,25.0,25.889999389648438,1178600,0.0,0.0
2022-11-08 00:00:00-05:00,25.989999771118164,27.239999771118164,25.520000457763672,26.200000762939453,1100000,0.0,0.0
2022-11-09 00:00:00-05:00,26.360000610351562,26.579999923706055,25.709999084472656,25.889999389648438,717700,0.0,0.0
2022-11-10 00:00:00-05:00,26.479999542236328,28.239999771118164,26.299999237060547,28.09000015258789,1177400,0.0,0.0
2022-11-11 00:00:00-05:00,28.25,30.420000076293945,27.84000015258789,29.950000762939453,1660200,0.0,0.0
2022-11-14 00:00:00-05:00,30.540000915527344,31.8799991607666,28.780000686645508,29.389999389648438,2931900,0.0,0.0
2022-11-15 00:00:00-05:00,30.739999771118164,31.3799991607666,29.600000381469727,29.90999984741211,1844800,0.0,0.0
2022-11-16 00:00:00-05:00,29.739999771118164,29.989999771118164,27.719999313354492,28.809999465942383,1095900,0.0,0.0
2022-11-17 00:00:00-05:00,27.610000610351562,29.93000030517578,27.510000228881836,29.010000228881836,895500,0.0,0.0
2022-11-18 00:00:00-05:00,29.149999618530273,29.68000030517578,27.600000381469727,28.420000076293945,651000,0.0,0.0
2022-11-21 00:00:00-05:00,29.440000534057617,30.0,26.649999618530273,27.219999313354492,2369700,0.0,0.0
2022-11-22 00:00:00-05:00,27.219999313354492,29.84000015258789,27.020000457763672,29.549999237060547,1327400,0.0,0.0
2022-11-23 00:00:00-05:00,29.549999237060547,30.770000457763672,28.020000457763672,29.309999465942383,1267200,0.0,0.0
2022-11-25 00:00:00-05:00,29.5,30.459999084472656,29.200000762939453,29.399999618530273,361500,0.0,0.0
2022-11-28 00:00:00-05:00,29.420000076293945,29.799999237060547,27.600000381469727,27.8700008392334,635500,0.0,0.0
2022-11-29 00:00:00-05:00,27.8700008392334,28.309999465942383,26.170000076293945,27.440000534057617,1659800,0.0,0.0
2022-11-30 00:00:00-05:00,27.6200008392334,29.3799991607666,27.40999984741211,28.510000228881836,879700,0.0,0.0
2022-12-01 00:00:00-05:00,29.149999618530273,30.600000381469727,28.40999984741211,29.770000457763672,1496500,0.0,0.0
2022-12-02 00:00:00-05:00,29.5,32.900001525878906,29.25,31.940000534057617,2061000,0.0,0.0
2022-12-05 00:00:00-05:00,32.43000030517578,33.38999938964844,31.280000686645508,31.5,2127800,0.0,0.0
2022-12-06 00:00:00-05:00,31.5,31.81999969482422,29.540000915527344,30.489999771118164,1495900,0.0,0.0
2022-12-07 00:00:00-05:00,32.43000030517578,33.95000076293945,31.1299991607666,32.130001068115234,3768600,0.0,0.0
2022-12-08 00:00:00-05:00,33.5,33.5,31.3700008392334,31.59000015258789,1723600,0.0,0.0
2022-12-09 00:00:00-05:00,31.600000381469727,34.380001068115234,31.56999969482422,33.70000076293945,2361300,0.0,0.0
2022-12-12 00:00:00-05:00,34.0,34.2400016784668,32.88999938964844,33.04999923706055,1028400,0.0,0.0
2022-12-13 00:00:00-05:00,35.0,36.0,33.20000076293945,34.65999984741211,2501200,0.0,0.0
2022-12-14 00:00:00-05:00,35.0,37.310001373291016,34.5,35.43000030517578,2121300,0.0,0.0
2022-12-15 00:00:00-05:00,35.52000045776367,35.849998474121094,33.36000061035156,34.5,2300400,0.0,0.0
2022-12-16 00:00:00-05:00,34.33000183105469,35.40999984741211,32.59000015258789,33.810001373291016,5407700,0.0,0.0
2022-12-19 00:00:00-05:00,34.0,36.369998931884766,32.81999969482422,35.040000915527344,2879500,0.0,0.0
2022-12-20 00:00:00-05:00,35.040000915527344,35.70000076293945,33.599998474121094,33.720001220703125,1455000,0.0,0.0
2022-12-21 00:00:00-05:00,34.20000076293945,35.79999923706055,33.5,35.470001220703125,1904000,0.0,0.0
2022-12-22 00:00:00-05:00,35.36000061035156,35.52000045776367,32.68000030517578,33.880001068115234,1225900,0.0,0.0
2022-12-23 00:00:00-05:00,34.099998474121094,35.290000915527344,33.31999969482422,33.97999954223633,1137700,0.0,0.0
2022-12-27 00:00:00-05:00,34.11000061035156,35.5,33.810001373291016,34.31999969482422,1264500,0.0,0.0
2022-12-28 00:00:00-05:00,34.310001373291016,34.7599983215332,32.779998779296875,33.58000183105469,1460800,0.0,0.0
2022-12-29 00:00:00-05:00,33.7400016784668,34.540000915527344,32.16999816894531,34.5099983215332,1532200,0.0,0.0
2022-12-30 00:00:00-05:00,34.189998626708984,35.25,34.189998626708984,35.060001373291016,1566100,0.0,0.0
2023-01-03 00:00:00-05:00,35.63999938964844,36.4900016784668,32.38999938964844,32.709999084472656,1950700,0.0,0.0
2023-01-04 00:00:00-05:00,32.72999954223633,32.790000915527344,29.829999923706055,31.1299991607666,3412600,0.0,0.0
2023-01-05 00:00:00-05:00,31.100000381469727,31.100000381469727,29.440000534057617,30.040000915527344,2262300,0.0,0.0
2023-01-06 00:00:00-05:00,30.0,32.83000183105469,28.729999542236328,31.6200008392334,3841600,0.0,0.0
2023-01-09 00:00:00-05:00,31.989999771118164,34.25,30.049999237060547,33.40999984741211,4722900,0.0,0.0
2023-01-10 00:00:00-05:00,33.40999984741211,34.59000015258789,32.5099983215332,33.43000030517578,2619200,0.0,0.0
2023-01-11 00:00:00-05:00,33.86000061035156,34.18000030517578,31.399999618530273,33.150001525878906,2566300,0.0,0.0
2023-01-12 00:00:00-05:00,33.20000076293945,34.400001525878906,32.70000076293945,34.369998931884766,1686300,0.0,0.0
2023-01-13 00:00:00-05:00,33.9900016784668,34.150001525878906,31.959999084472656,32.97999954223633,1809200,0.0,0.0
2023-01-17 00:00:00-05:00,33.15999984741211,33.38999938964844,31.239999771118164,31.549999237060547,2669400,0.0,0.0
2023-01-18 00:00:00-05:00,32.349998474121094,34.849998474121094,32.099998474121094,33.47999954223633,3854000,0.0,0.0
2023-01-19 00:00:00-05:00,33.47999954223633,33.779998779296875,32.099998474121094,32.68000030517578,1196400,0.0,0.0
2023-01-20 00:00:00-05:00,33.09000015258789,34.72999954223633,32.90999984741211,34.36000061035156,1804700,0.0,0.0
2023-01-23 00:00:00-05:00,34.59000015258789,35.470001220703125,33.81999969482422,35.22999954223633,1710000,0.0,0.0
2023-01-24 00:00:00-05:00,35.0,36.619998931884766,33.849998474121094,34.119998931884766,2160000,0.0,0.0
2023-01-25 00:00:00-05:00,33.84000015258789,34.09000015258789,32.70000076293945,33.95000076293945,2749100,0.0,0.0
2023-01-26 00:00:00-05:00,36.849998474121094,39.189998626708984,33.61000061035156,35.970001220703125,6732300,0.0,0.0
2023-01-27 00:00:00-05:00,36.5,37.349998474121094,34.91999816894531,35.790000915527344,4278200,0.0,0.0
2023-01-30 00:00:00-05:00,35.5,36.9900016784668,35.40999984741211,36.119998931884766,2060100,0.0,0.0
2023-01-31 00:00:00-05:00,36.20000076293945,38.72999954223633,36.0,38.599998474121094,3687700,0.0,0.0
2023-02-01 00:00:00-05:00,39.0,41.95000076293945,38.2599983215332,41.060001373291016,4242500,0.0,0.0
2023-02-02 00:00:00-05:00,42.0,44.2599983215332,41.099998474121094,42.220001220703125,4323600,0.0,0.0
2023-02-03 00:00:00-05:00,41.68000030517578,44.279998779296875,41.650001525878906,42.779998779296875,2996100,0.0,0.0
2023-02-06 00:00:00-05:00,42.33000183105469,42.470001220703125,40.04999923706055,41.459999084472656,2772300,0.0,0.0
2023-02-07 00:00:00-05:00,41.65999984741211,43.029998779296875,41.060001373291016,42.79999923706055,2491600,0.0,0.0
2023-02-08 00:00:00-05:00,42.97999954223633,43.529998779296875,41.900001525878906,42.08000183105469,1382300,0.0,0.0
2023-02-09 00:00:00-05:00,42.81999969482422,45.5,42.5099983215332,43.81999969482422,3213300,0.0,0.0
2023-02-10 00:00:00-05:00,43.470001220703125,43.470001220703125,41.619998931884766,41.900001525878906,2360600,0.0,0.0
2023-02-13 00:00:00-05:00,42.09000015258789,43.45000076293945,40.79999923706055,42.880001068115234,1341800,0.0,0.0
2023-02-14 00:00:00-05:00,42.81999969482422,47.150001525878906,42.56999969482422,46.95000076293945,2708300,0.0,0.0
2023-02-15 00:00:00-05:00,46.90999984741211,48.11000061035156,46.099998474121094,47.02000045776367,2316100,0.0,0.0
2023-02-16 00:00:00-05:00,45.959999084472656,45.959999084472656,44.560001373291016,44.7599983215332,1982900,0.0,0.0
2023-02-17 00:00:00-05:00,44.0099983215332,44.439998626708984,42.81999969482422,43.95000076293945,1335100,0.0,0.0
2023-02-21 00:00:00-05:00,43.650001525878906,44.40999984741211,40.90999984741211,41.06999969482422,2012700,0.0,0.0
2023-02-22 00:00:00-05:00,41.099998474121094,41.939998626708984,39.84000015258789,40.95000076293945,2051200,0.0,0.0
2023-02-23 00:00:00-05:00,42.15999984741211,42.88999938964844,40.400001525878906,41.43000030517578,1569300,0.0,0.0
2023-02-24 00:00:00-05:00,40.459999084472656,40.83000183105469,37.349998474121094,37.869998931884766,4257400,0.0,0.0
2023-02-27 00:00:00-05:00,38.560001373291016,40.54999923706055,38.54999923706055,39.7599983215332,2596100,0.0,0.0
2023-02-28 00:00:00-05:00,39.810001373291016,40.18000030517578,39.22999954223633,39.5099983215332,1067100,0.0,0.0
2023-03-01 00:00:00-05:00,39.70000076293945,39.900001525878906,38.11000061035156,38.220001220703125,1663800,0.0,0.0
2023-03-02 00:00:00-05:00,37.47999954223633,39.61000061035156,37.279998779296875,38.47999954223633,1998100,0.0,0.0
2023-03-03 00:00:00-05:00,39.0,42.43000030517578,38.93000030517578,41.779998779296875,2407900,0.0,0.0
2023-03-06 00:00:00-05:00,42.61000061035156,43.18000030517578,41.189998626708984,41.45000076293945,1868100,0.0,0.0
2023-03-07 00:00:00-05:00,41.79999923706055,42.16999816894531,40.689998626708984,41.52000045776367,1493300,0.0,0.0
2023-03-08 00:00:00-05:00,41.5,41.54999923706055,40.349998474121094,40.77000045776367,1271200,0.0,0.0
2023-03-09 00:00:00-05:00,41.0,42.61000061035156,40.599998474121094,40.630001068115234,1899300,0.0,0.0
2023-03-10 00:00:00-05:00,40.470001220703125,40.58000183105469,38.41999816894531,39.27000045776367,1759600,0.0,0.0
2023-03-13 00:00:00-04:00,38.400001525878906,40.599998474121094,37.279998779296875,40.04999923706055,1559100,0.0,0.0
2023-03-14 00:00:00-04:00,40.77000045776367,41.83000183105469,40.58000183105469,41.7599983215332,929900,0.0,0.0
2023-03-15 00:00:00-04:00,40.9900016784668,41.310001373291016,39.58000183105469,40.93000030517578,1728300,0.0,0.0
2023-03-16 00:00:00-04:00,40.86000061035156,43.380001068115234,40.720001220703125,43.27000045776367,1553500,0.0,0.0
2023-03-17 00:00:00-04:00,42.93000030517578,44.470001220703125,42.189998626708984,43.58000183105469,3635800,0.0,0.0
2023-03-20 00:00:00-04:00,42.689998626708984,44.77000045776367,42.66999816894531,43.2400016784668,1883100,0.0,0.0
2023-03-21 00:00:00-04:00,43.84000015258789,44.47999954223633,41.939998626708984,42.54999923706055,1235700,0.0,0.0
2023-03-22 00:00:00-04:00,42.72999954223633,42.72999954223633,40.77000045776367,41.43000030517578,2154700,0.0,0.0
2023-03-23 00:00:00-04:00,41.5,43.5,41.25,42.9900016784668,1745300,0.0,0.0
2023-03-24 00:00:00-04:00,42.5,42.88999938964844,40.25,40.77000045776367,2084400,0.0,0.0
2023-03-27 00:00:00-04:00,40.95000076293945,42.4900016784668,40.2599983215332,40.310001373291016,2186600,0.0,0.0
2023-03-28 00:00:00-04:00,40.25,40.63999938964844,38.5,39.18000030517578,2470900,0.0,0.0
2023-03-29 00:00:00-04:00,39.90999984741211,42.15999984741211,39.560001373291016,41.75,3593800,0.0,0.0
2023-03-30 00:00:00-04:00,42.45000076293945,42.77000045776367,41.38999938964844,41.619998931884766,1879000,0.0,0.0
2023-03-31 00:00:00-04:00,41.97999954223633,43.77000045776367,41.65999984741211,43.27000045776367,2067000,0.0,0.0
2023-04-03 00:00:00-04:00,43.0,44.599998474121094,42.599998474121094,43.38999938964844,1853600,0.0,0.0
2023-04-04 00:00:00-04:00,44.09000015258789,44.599998474121094,41.880001068115234,42.18000030517578,2098200,0.0,0.0
2023-04-05 00:00:00-04:00,41.970001220703125,41.970001220703125,39.41999816894531,40.599998474121094,2595900,0.0,0.0
2023-04-06 00:00:00-04:00,40.11000061035156,40.72999954223633,39.220001220703125,40.130001068115234,1009700,0.0,0.0
2023-04-10 00:00:00-04:00,39.630001068115234,41.529998779296875,39.2400016784668,41.43000030517578,965000,0.0,0.0
2023-04-11 00:00:00-04:00,41.54999923706055,42.56999969482422,41.04999923706055,42.290000915527344,1026300,0.0,0.0
2023-04-12 00:00:00-04:00,42.81999969482422,43.4900016784668,41.13999938964844,41.369998931884766,2664300,0.0,0.0
2023-04-13 00:00:00-04:00,41.400001525878906,43.459999084472656,41.400001525878906,42.84000015258789,1967600,0.0,0.0
2023-04-14 00:00:00-04:00,42.5,43.349998474121094,41.45000076293945,41.68000030517578,1671800,0.0,0.0
2023-04-17 00:00:00-04:00,41.220001220703125,43.15999984741211,41.20000076293945,43.130001068115234,1415400,0.0,0.0
2023-04-18 00:00:00-04:00,43.58000183105469,46.45000076293945,43.58000183105469,46.0099983215332,5540500,0.0,0.0
2023-04-19 00:00:00-04:00,45.4900016784668,46.939998626708984,44.529998779296875,44.86000061035156,3636000,0.0,0.0
2023-04-20 00:00:00-04:00,43.619998931884766,45.2599983215332,43.5099983215332,44.540000915527344,1837800,0.0,0.0
2023-04-21 00:00:00-04:00,44.0,45.20000076293945,43.119998931884766,44.439998626708984,2771600,0.0,0.0
2023-04-24 00:00:00-04:00,45.18000030517578,46.15999984741211,44.54999923706055,45.83000183105469,2054700,0.0,0.0
2023-04-25 00:00:00-04:00,45.65999984741211,45.880001068115234,44.310001373291016,44.81999969482422,1312400,0.0,0.0
2023-04-26 00:00:00-04:00,45.779998779296875,45.79999923706055,42.41999816894531,43.09000015258789,2681200,0.0,0.0
2023-04-27 00:00:00-04:00,31.84000015258789,36.18000030517578,29.6299991607666,36.13999938964844,21315400,0.0,0.0
2023-04-28 00:00:00-04:00,36.90999984741211,38.439998626708984,35.849998474121094,37.63999938964844,4972100,0.0,0.0
2023-05-01 00:00:00-04:00,37.709999084472656,38.33000183105469,36.66999816894531,37.459999084472656,1720400,0.0,0.0
2023-05-02 00:00:00-04:00,37.4900016784668,37.4900016784668,36.20000076293945,36.79999923706055,2302200,0.0,0.0
2023-05-03 00:00:00-04:00,36.25,37.2400016784668,35.689998626708984,36.04999923706055,2478000,0.0,0.0
2023-05-04 00:00:00-04:00,35.86000061035156,36.119998931884766,34.400001525878906,34.81999969482422,2505900,0.0,0.0
2023-05-05 00:00:00-04:00,35.65999984741211,37.810001373291016,35.5,37.61000061035156,2331400,0.0,0.0
2023-05-08 00:00:00-04:00,38.0,39.529998779296875,37.220001220703125,39.040000915527344,1768000,0.0,0.0
2023-05-09 00:00:00-04:00,40.0099983215332,42.58000183105469,38.90999984741211,40.06999969482422,4580200,0.0,0.0
2023-05-10 00:00:00-04:00,40.970001220703125,40.9900016784668,39.52000045776367,40.4900016784668,2747800,0.0,0.0
2023-05-11 00:00:00-04:00,40.20000076293945,40.20000076293945,38.25,38.900001525878906,1898700,0.0,0.0
2023-05-12 00:00:00-04:00,38.970001220703125,39.790000915527344,37.220001220703125,38.02000045776367,2179100,0.0,0.0
2023-05-15 00:00:00-04:00,38.189998626708984,38.470001220703125,37.4900016784668,38.290000915527344,1424600,0.0,0.0
2023-05-16 00:00:00-04:00,38.060001373291016,38.709999084472656,37.310001373291016,37.63999938964844,1713200,0.0,0.0
2023-05-17 00:00:00-04:00,37.599998474121094,38.43000030517578,37.04999923706055,38.27000045776367,2276700,0.0,0.0
2023-05-18 00:00:00-04:00,38.43000030517578,39.25,38.29999923706055,39.11000061035156,1358700,0.0,0.0
2023-05-19 00:00:00-04:00,39.599998474121094,40.869998931884766,39.25,40.83000183105469,1802500,0.0,0.0
2023-05-22 00:00:00-04:00,40.720001220703125,41.06999969482422,40.150001525878906,41.06999969482422,1043200,0.0,0.0
2023-05-23 00:00:00-04:00,40.52000045776367,41.22999954223633,39.790000915527344,40.04999923706055,1203200,0.0,0.0
2023-05-24 00:00:00-04:00,39.939998626708984,40.540000915527344,39.529998779296875,40.380001068115234,1234100,0.0,0.0
2023-05-25 00:00:00-04:00,42.400001525878906,42.88999938964844,41.43000030517578,42.47999954223633,2011400,0.0,0.0
2023-05-26 00:00:00-04:00,42.5,46.47999954223633,42.5,45.13999938964844,3137600,0.0,0.0
2023-05-30 00:00:00-04:00,46.16999816894531,47.40999984741211,45.41999816894531,46.34000015258789,3860200,0.0,0.0
2023-05-31 00:00:00-04:00,45.16999816894531,45.43000030517578,43.5,44.56999969482422,3269700,0.0,0.0
2023-06-01 00:00:00-04:00,44.7400016784668,45.33000183105469,44.0,44.7400016784668,1619200,0.0,0.0
2023-06-02 00:00:00-04:00,45.369998931884766,45.720001220703125,43.380001068115234,43.560001373291016,1513000,0.0,0.0
2023-06-05 00:00:00-04:00,43.560001373291016,44.16999816894531,42.220001220703125,42.369998931884766,1418700,0.0,0.0
2023-06-06 00:00:00-04:00,41.0,42.560001373291016,40.40999984741211,42.31999969482422,4932500,0.0,0.0
2023-06-07 00:00:00-04:00,43.11000061035156,46.0,42.529998779296875,43.52000045776367,5239900,0.0,0.0
2023-06-08 00:00:00-04:00,41.130001068115234,41.959999084472656,40.099998474121094,41.779998779296875,20135900,0.0,0.0
2023-06-09 00:00:00-04:00,42.0,42.22999954223633,41.43000030517578,41.77000045776367,6643900,0.0,0.0
2023-06-12 00:00:00-04:00,41.88999938964844,41.9900016784668,39.209999084472656,39.900001525878906,10124700,0.0,0.0
2023-06-13 00:00:00-04:00,40.45000076293945,41.13999938964844,39.77000045776367,40.310001373291016,5944600,0.0,0.0
2023-06-14 00:00:00-04:00,40.560001373291016,41.25,39.970001220703125,40.7599983215332,3831100,0.0,0.0
2023-06-15 00:00:00-04:00,40.439998626708984,40.439998626708984,39.41999816894531,39.72999954223633,3856200,0.0,0.0
2023-06-16 00:00:00-04:00,40.11000061035156,40.119998931884766,38.90999984741211,39.15999984741211,3681200,0.0,0.0
2023-06-20 00:00:00-04:00,39.15999984741211,39.58000183105469,37.11000061035156,37.22999954223633,3259500,0.0,0.0
2023-06-21 00:00:00-04:00,37.22999954223633,37.369998931884766,35.75,36.61000061035156,4542700,0.0,0.0
2023-06-22 00:00:00-04:00,36.5,38.08000183105469,36.18000030517578,37.40999984741211,3100500,0.0,0.0
2023-06-23 00:00:00-04:00,37.0,37.93000030517578,36.77000045776367,37.15999984741211,5291000,0.0,0.0
2023-06-26 00:00:00-04:00,37.38999938964844,37.66999816894531,35.83000183105469,36.0,3782200,0.0,0.0
2023-06-27 00:00:00-04:00,35.970001220703125,37.630001068115234,35.25,37.529998779296875,2648600,0.0,0.0
2023-06-28 00:00:00-04:00,37.45000076293945,38.13999938964844,36.959999084472656,38.119998931884766,2127100,0.0,0.0
2023-06-29 00:00:00-04:00,38.5,38.75,37.380001068115234,37.720001220703125,2171500,0.0,0.0
2023-06-30 00:00:00-04:00,38.34000015258789,38.65999984741211,38.040000915527344,38.41999816894531,1662400,0.0,0.0
2023-07-03 00:00:00-04:00,38.880001068115234,39.81999969482422,38.58000183105469,39.810001373291016,1497000,0.0,0.0
2023-07-05 00:00:00-04:00,39.7599983215332,40.220001220703125,39.33000183105469,39.41999816894531,2556200,0.0,0.0
2023-07-06 00:00:00-04:00,38.81999969482422,40.36000061035156,38.75,40.099998474121094,3171100,0.0,0.0
2023-07-07 00:00:00-04:00,40.369998931884766,41.25,40.189998626708984,40.61000061035156,2851200,0.0,0.0
2023-07-10 00:00:00-04:00,40.61000061035156,41.0099983215332,39.459999084472656,40.439998626708984,2634900,0.0,0.0
2023-07-11 00:00:00-04:00,40.63999938964844,40.90999984741211,39.7599983215332,40.84000015258789,3036800,0.0,0.0
2023-07-12 00:00:00-04:00,41.790000915527344,43.31999969482422,41.029998779296875,42.97999954223633,4968600,0.0,0.0
2023-07-13 00:00:00-04:00,43.34000015258789,44.099998474121094,42.599998474121094,43.18000030517578,2420200,0.0,0.0
2023-07-14 00:00:00-04:00,43.20000076293945,44.040000915527344,41.86000061035156,42.02000045776367,1864000,0.0,0.0
2023-07-17 00:00:00-04:00,42.439998626708984,43.369998931884766,41.869998931884766,43.36000061035156,1601900,0.0,0.0
2023-07-18 00:00:00-04:00,43.5,44.47999954223633,43.43000030517578,44.36000061035156,2060300,0.0,0.0
2023-07-19 00:00:00-04:00,44.54999923706055,45.099998474121094,42.83000183105469,43.4900016784668,2391400,0.0,0.0
2023-07-20 00:00:00-04:00,41.790000915527344,41.849998474121094,39.33000183105469,41.060001373291016,4768400,0.0,0.0
2023-07-21 00:00:00-04:00,41.79999923706055,42.0,40.34000015258789,40.63999938964844,2039300,0.0,0.0
2023-07-24 00:00:00-04:00,40.56999969482422,41.72999954223633,40.56999969482422,40.84000015258789,1695700,0.0,0.0
2023-07-25 00:00:00-04:00,40.54999923706055,41.209999084472656,40.369998931884766,40.38999938964844,1221500,0.0,0.0
2023-07-26 00:00:00-04:00,40.25,40.83000183105469,39.2400016784668,40.439998626708984,2775700,0.0,0.0
2023-07-27 00:00:00-04:00,39.060001373291016,40.18000030517578,37.43000030517578,38.0099983215332,8134600,0.0,0.0
2023-07-28 00:00:00-04:00,38.599998474121094,39.02000045776367,37.599998474121094,37.66999816894531,3254300,0.0,0.0
2023-07-31 00:00:00-04:00,38.15999984741211,39.189998626708984,37.75,38.18000030517578,3274700,0.0,0.0
2023-08-01 00:00:00-04:00,38.119998931884766,38.72999954223633,37.459999084472656,38.27000045776367,1985400,0.0,0.0
2023-08-02 00:00:00-04:00,38.09000015258789,38.09000015258789,36.689998626708984,37.209999084472656,2853400,0.0,0.0
2023-08-03 00:00:00-04:00,37.40999984741211,38.150001525878906,36.97999954223633,37.56999969482422,2891400,0.0,0.0
2023-08-04 00:00:00-04:00,37.7400016784668,38.119998931884766,36.45000076293945,37.810001373291016,2804900,0.0,0.0
2023-08-07 00:00:00-04:00,38.08000183105469,38.83000183105469,37.400001525878906,38.810001373291016,1755600,0.0,0.0
2023-08-08 00:00:00-04:00,38.31999969482422,38.849998474121094,37.61000061035156,38.61000061035156,1777800,0.0,0.0
2023-08-09 00:00:00-04:00,38.4900016784668,38.779998779296875,37.52000045776367,38.400001525878906,2948900,0.0,0.0
2023-08-10 00:00:00-04:00,38.77000045776367,39.25,37.91999816894531,38.369998931884766,1955600,0.0,0.0
2023-08-11 00:00:00-04:00,37.970001220703125,38.43000030517578,37.529998779296875,38.349998474121094,1972900,0.0,0.0
2023-08-14 00:00:00-04:00,38.349998474121094,38.63999938964844,37.650001525878906,38.54999923706055,1268100,0.0,0.0
2023-08-15 00:00:00-04:00,38.54999923706055,38.56999969482422,37.43000030517578,38.099998474121094,1954400,0.0,0.0
2023-08-16 00:00:00-04:00,37.75,37.90999984741211,36.349998474121094,36.72999954223633,2768100,0.0,0.0
2023-08-17 00:00:00-04:00,37.0,37.150001525878906,35.61000061035156,35.77000045776367,1885100,0.0,0.0
2023-08-18 00:00:00-04:00,35.220001220703125,35.68000030517578,34.5,35.040000915527344,2511400,0.0,0.0
2023-08-21 00:00:00-04:00,35.20000076293945,35.279998779296875,34.11000061035156,34.630001068115234,2684500,0.0,0.0
2023-08-22 00:00:00-04:00,35.150001525878906,35.540000915527344,34.0099983215332,34.7400016784668,2852200,0.0,0.0
2023-08-23 00:00:00-04:00,34.5,35.29999923706055,34.189998626708984,34.81999969482422,2620800,0.0,0.0
2023-08-24 00:00:00-04:00,35.0,35.08000183105469,34.119998931884766,34.130001068115234,2065400,0.0,0.0
2023-08-25 00:00:00-04:00,34.349998474121094,36.29999923706055,34.2599983215332,34.58000183105469,3781600,0.0,0.0
2023-08-28 00:00:00-04:00,34.88999938964844,34.959999084472656,33.93000030517578,34.86000061035156,1978300,0.0,0.0
2023-08-29 00:00:00-04:00,34.849998474121094,35.560001373291016,34.41999816894531,34.790000915527344,1986600,0.0,0.0
2023-08-30 00:00:00-04:00,34.68000030517578,35.630001068115234,34.400001525878906,34.7599983215332,1583100,0.0,0.0
2023-08-31 00:00:00-04:00,34.900001525878906,35.83000183105469,34.83000183105469,35.5099983215332,1487400,0.0,0.0
2023-09-01 00:00:00-04:00,35.720001220703125,36.880001068115234,35.56999969482422,36.63999938964844,1778300,0.0,0.0
2023-09-05 00:00:00-04:00,36.58000183105469,37.54999923706055,36.45000076293945,37.369998931884766,1392700,0.0,0.0
2023-09-06 00:00:00-04:00,37.5,37.619998931884766,36.150001525878906,36.33000183105469,2398400,0.0,0.0
2023-09-07 00:00:00-04:00,35.7400016784668,36.16999816894531,35.20000076293945,35.83000183105469,1441400,0.0,0.0
2023-09-08 00:00:00-04:00,35.91999816894531,36.27000045776367,35.400001525878906,36.2599983215332,843900,0.0,0.0
2023-09-11 00:00:00-04:00,36.560001373291016,36.79999923706055,35.56999969482422,35.9900016784668,1051700,0.0,0.0
2023-09-12 00:00:00-04:00,35.79999923706055,36.29999923706055,35.369998931884766,35.459999084472656,1329500,0.0,0.0
2023-09-13 00:00:00-04:00,36.029998779296875,36.869998931884766,35.38999938964844,35.47999954223633,1471800,0.0,0.0
2023-09-14 00:00:00-04:00,35.810001373291016,36.36000061035156,35.29999923706055,36.2400016784668,1718600,0.0,0.0
2023-09-15 00:00:00-04:00,36.25,38.130001068115234,36.25,37.689998626708984,3927000,0.0,0.0
2023-09-18 00:00:00-04:00,37.119998931884766,39.41999816894531,37.060001373291016,38.349998474121094,3314200,0.0,0.0
2023-09-19 00:00:00-04:00,38.25,39.0,37.54999923706055,38.43000030517578,2924300,0.0,0.0
2023-09-20 00:00:00-04:00,39.02000045776367,41.70000076293945,39.02000045776367,40.47999954223633,6479200,0.0,0.0
2023-09-21 00:00:00-04:00,39.5,41.13999938964844,39.2599983215332,40.91999816894531,3656300,0.0,0.0
2023-09-22 00:00:00-04:00,41.369998931884766,41.880001068115234,39.91999816894531,40.029998779296875,1868700,0.0,0.0
2023-09-25 00:00:00-04:00,39.939998626708984,40.40999984741211,39.150001525878906,40.20000076293945,1266500,0.0,0.0
2023-09-26 00:00:00-04:00,40.0,40.70000076293945,39.90999984741211,40.439998626708984,1407500,0.0,0.0
2023-09-27 00:00:00-04:00,40.400001525878906,41.119998931884766,39.45000076293945,40.2599983215332,3332100,0.0,0.0
2023-09-28 00:00:00-04:00,40.29999923706055,41.9900016784668,40.09000015258789,41.09000015258789,2212800,0.0,0.0
2023-09-29 00:00:00-04:00,41.439998626708984,42.040000915527344,41.119998931884766,41.54999923706055,1388600,0.0,0.0
2023-10-02 00:00:00-04:00,41.5099983215332,42.470001220703125,41.13999938964844,41.65999984741211,1694200,0.0,0.0
2023-10-03 00:00:00-04:00,41.11000061035156,41.22999954223633,39.400001525878906,39.779998779296875,2223700,0.0,0.0
2023-10-04 00:00:00-04:00,40.099998474121094,41.130001068115234,39.43000030517578,41.11000061035156,1720800,0.0,0.0
2023-10-05 00:00:00-04:00,41.0,41.45000076293945,39.810001373291016,40.58000183105469,2513700,0.0,0.0
2023-10-06 00:00:00-04:00,40.11000061035156,41.810001373291016,39.869998931884766,41.4900016784668,3517700,0.0,0.0
2023-10-09 00:00:00-04:00,39.52000045776367,40.0,37.849998474121094,39.290000915527344,4506600,0.0,0.0
2023-10-10 00:00:00-04:00,39.349998474121094,40.61000061035156,39.02000045776367,39.790000915527344,1853400,0.0,0.0
2023-10-11 00:00:00-04:00,39.95000076293945,40.2599983215332,36.880001068115234,36.97999954223633,3647200,0.0,0.0
2023-10-12 00:00:00-04:00,37.02000045776367,38.16999816894531,36.0099983215332,36.34000015258789,3502500,0.0,0.0
2023-10-13 00:00:00-04:00,36.36000061035156,36.61000061035156,33.2599983215332,34.560001373291016,4694500,0.0,0.0
2023-10-16 00:00:00-04:00,35.04999923706055,36.209999084472656,35.04999923706055,35.81999969482422,2088800,0.0,0.0
2023-10-17 00:00:00-04:00,35.68000030517578,37.04999923706055,35.11000061035156,36.61000061035156,2563700,0.0,0.0
2023-10-18 00:00:00-04:00,36.36000061035156,36.83000183105469,35.83000183105469,35.849998474121094,2870500,0.0,0.0
2023-10-19 00:00:00-04:00,35.79999923706055,36.189998626708984,34.29999923706055,35.0099983215332,1802300,0.0,0.0
2023-10-20 00:00:00-04:00,34.79999923706055,35.7599983215332,34.619998931884766,35.54999923706055,1627300,0.0,0.0
2023-10-23 00:00:00-04:00,35.04999923706055,35.7400016784668,34.79999923706055,34.91999816894531,1615400,0.0,0.0
2023-10-24 00:00:00-04:00,34.9900016784668,35.709999084472656,34.790000915527344,35.38999938964844,2229300,0.0,0.0
2023-10-25 00:00:00-04:00,34.869998931884766,35.38999938964844,33.75,33.959999084472656,3059200,0.0,0.0
2023-10-26 00:00:00-04:00,36.0,37.84000015258789,35.869998931884766,36.41999816894531,4992600,0.0,0.0
2023-10-27 00:00:00-04:00,36.58000183105469,36.810001373291016,34.790000915527344,35.04999923706055,2904300,0.0,0.0
2023-10-30 00:00:00-04:00,35.540000915527344,35.86000061035156,33.0099983215332,33.81999969482422,3079100,0.0,0.0
2023-10-31 00:00:00-04:00,34.4900016784668,36.13999938964844,34.02000045776367,35.66999816894531,2520600,0.0,0.0
2023-11-01 00:00:00-04:00,35.79999923706055,36.349998474121094,34.86000061035156,35.77000045776367,1803500,0.0,0.0
2023-11-02 00:00:00-04:00,36.029998779296875,37.47999954223633,36.029998779296875,36.45000076293945,1280700,0.0,0.0
2023-11-03 00:00:00-04:00,37.869998931884766,38.06999969482422,36.150001525878906,36.79999923706055,2129600,0.0,0.0
2023-11-06 00:00:00-05:00,37.2599983215332,37.29999923706055,35.54999923706055,36.529998779296875,1171200,0.0,0.0
2023-11-07 00:00:00-05:00,36.849998474121094,37.279998779296875,36.029998779296875,36.970001220703125,1310300,0.0,0.0
2023-11-08 00:00:00-05:00,37.0,37.66999816894531,36.18000030517578,36.65999984741211,968600,0.0,0.0
2023-11-09 00:00:00-05:00,37.040000915527344,37.279998779296875,35.9900016784668,36.13999938964844,1325500,0.0,0.0
2023-11-10 00:00:00-05:00,36.880001068115234,37.4900016784668,36.439998626708984,37.34000015258789,1439900,0.0,0.0
2023-11-13 00:00:00-05:00,37.54999923706055,38.4900016784668,36.689998626708984,38.369998931884766,1640100,0.0,0.0
2023-11-14 00:00:00-05:00,39.529998779296875,41.029998779296875,39.4900016784668,40.13999938964844,2193200,0.0,0.0
2023-11-15 00:00:00-05:00,40.380001068115234,41.33000183105469,39.970001220703125,40.7400016784668,1747700,0.0,0.0
2023-11-16 00:00:00-05:00,40.20000076293945,41.189998626708984,40.04999923706055,41.0099983215332,1833500,0.0,0.0
2023-11-17 00:00:00-05:00,41.16999816894531,41.77000045776367,40.689998626708984,41.5,1331400,0.0,0.0
2023-11-20 00:00:00-05:00,41.5,43.11000061035156,41.4900016784668,41.810001373291016,3115900,0.0,0.0
2023-11-21 00:00:00-05:00,41.43000030517578,42.900001525878906,40.9900016784668,42.68000030517578,1258500,0.0,0.0
2023-11-22 00:00:00-05:00,42.959999084472656,43.959999084472656,42.459999084472656,43.400001525878906,1397000,0.0,0.0
2023-11-24 00:00:00-05:00,43.0,43.83000183105469,42.939998626708984,43.560001373291016,570800,0.0,0.0
2023-11-27 00:00:00-05:00,43.11000061035156,43.61000061035156,42.5,42.65999984741211,1255900,0.0,0.0
2023-11-28 00:00:00-05:00,42.5,42.5,41.130001068115234,41.689998626708984,2274200,0.0,0.0
2023-11-29 00:00:00-05:00,42.40999984741211,42.40999984741211,41.029998779296875,41.380001068115234,1384800,0.0,0.0
2023-11-30 00:00:00-05:00,41.369998931884766,41.79999923706055,40.52000045776367,41.04999923706055,1674900,0.0,0.0
2023-12-01 00:00:00-05:00,40.689998626708984,40.970001220703125,39.18000030517578,39.27000045776367,2725100,0.0,0.0
2023-12-04 00:00:00-05:00,38.900001525878906,40.400001525878906,38.84000015258789,39.720001220703125,1778100,0.0,0.0
2023-12-05 00:00:00-05:00,39.619998931884766,40.58000183105469,39.59000015258789,39.88999938964844,1764700,0.0,0.0
2023-12-06 00:00:00-05:00,40.619998931884766,41.349998474121094,39.650001525878906,39.75,1452000,0.0,0.0
2023-12-07 00:00:00-05:00,40.0,40.709999084472656,39.599998474121094,40.220001220703125,1610300,0.0,0.0
2023-12-08 00:00:00-05:00,40.619998931884766,41.97999954223633,40.11000061035156,40.209999084472656,5743600,0.0,0.0
2023-12-11 00:00:00-05:00,40.0,41.5,39.72999954223633,41.06999969482422,1688200,0.0,0.0
2023-12-12 00:00:00-05:00,41.04999923706055,41.189998626708984,40.029998779296875,40.349998474121094,1367800,0.0,0.0
2023-12-13 00:00:00-05:00,40.29999923706055,41.099998474121094,38.68000030517578,41.08000183105469,2227900,0.0,0.0
2023-12-14 00:00:00-05:00,41.099998474121094,42.369998931884766,41.099998474121094,42.29999923706055,2452700,0.0,0.0
2023-12-15 00:00:00-05:00,42.45000076293945,43.0099983215332,41.29999923706055,41.959999084472656,3157900,0.0,0.0
2023-12-18 00:00:00-05:00,42.0,42.0099983215332,40.560001373291016,41.4900016784668,2277700,0.0,0.0
2023-12-19 00:00:00-05:00,41.86000061035156,42.810001373291016,41.75,42.220001220703125,1404700,0.0,0.0
2023-12-20 00:00:00-05:00,41.7599983215332,42.529998779296875,41.58000183105469,42.150001525878906,2504200,0.0,0.0
2023-12-21 00:00:00-05:00,42.470001220703125,42.95000076293945,41.65999984741211,42.90999984741211,1936600,0.0,0.0
2023-12-22 00:00:00-05:00,43.150001525878906,43.900001525878906,42.58000183105469,42.95000076293945,1344000,0.0,0.0
2023-12-26 00:00:00-05:00,43.0,43.88999938964844,42.79999923706055,43.849998474121094,994400,0.0,0.0
2023-12-27 00:00:00-05:00,43.849998474121094,44.15999984741211,43.119998931884766,43.970001220703125,1340200,0.0,0.0
2023-12-28 00:00:00-05:00,43.970001220703125,44.47999954223633,43.220001220703125,43.84000015258789,1567500,0.0,0.0
2023-12-29 00:00:00-05:00,43.88999938964844,44.279998779296875,42.97999954223633,43.31999969482422,1951000,0.0,0.0
2024-01-02 00:00:00-05:00,42.83000183105469,43.400001525878906,40.86000061035156,41.34000015258789,1709600,0.0,0.0
2024-01-03 00:00:00-05:00,40.0099983215332,40.58000183105469,39.34000015258789,39.720001220703125,2495900,0.0,0.0
2024-01-04 00:00:00-05:00,28.329999923706055,30.940000534057617,28.190000534057617,29.969999313354492,43103100,0.0,0.0
2024-01-05 00:00:00-05:00,30.920000076293945,31.25,29.3799991607666,30.489999771118164,19177700,0.0,0.0
2024-01-08 00:00:00-05:00,30.950000762939453,32.5,30.200000762939453,31.43000030517578,8928100,0.0,0.0
2024-01-09 00:00:00-05:00,31.239999771118164,32.709999084472656,30.770000457763672,31.889999389648438,7615000,0.0,0.0
2024-01-10 00:00:00-05:00,32.099998474121094,32.119998931884766,29.770000457763672,30.6200008392334,9165100,0.0,0.0
2024-01-11 00:00:00-05:00,30.100000381469727,31.100000381469727,30.100000381469727,31.030000686645508,6613700,0.0,0.0
2024-01-12 00:00:00-05:00,30.860000610351562,31.09000015258789,29.600000381469727,30.06999969482422,5779600,0.0,0.0
2024-01-16 00:00:00-05:00,30.0,30.309999465942383,29.43000030517578,29.790000915527344,4020800,0.0,0.0
2024-01-17 00:00:00-05:00,29.420000076293945,29.459999084472656,28.200000762939453,28.3799991607666,5304100,0.0,0.0
2024-01-18 00:00:00-05:00,28.850000381469727,28.850000381469727,27.290000915527344,28.06999969482422,4304300,0.0,0.0
2024-01-19 00:00:00-05:00,28.1299991607666,28.360000610351562,27.360000610351562,28.34000015258789,3938600,0.0,0.0
2024-01-22 00:00:00-05:00,29.0,29.809999465942383,28.75,28.889999389648438,5181800,0.0,0.0
2024-01-23 00:00:00-05:00,29.420000076293945,29.469999313354492,28.219999313354492,28.43000030517578,3551600,0.0,0.0
2024-01-24 00:00:00-05:00,28.600000381469727,28.690000534057617,27.3700008392334,27.6200008392334,5466200,0.0,0.0
2024-01-25 00:00:00-05:00,27.950000762939453,29.030000686645508,27.3799991607666,27.950000762939453,11922000,0.0,0.0
2024-01-26 00:00:00-05:00,28.100000381469727,28.889999389648438,28.010000228881836,28.3799991607666,5115400,0.0,0.0
2024-01-29 00:00:00-05:00,28.309999465942383,28.3799991607666,27.079999923706055,27.75,5652900,0.0,0.0
2024-01-30 00:00:00-05:00,27.229999542236328,27.329999923706055,25.8799991607666,26.25,7951800,0.0,0.0
2024-01-31 00:00:00-05:00,26.0,26.469999313354492,25.770000457763672,25.860000610351562,4098600,0.0,0.0
2024-02-01 00:00:00-05:00,26.219999313354492,26.309999465942383,25.31999969482422,25.799999237060547,3058000,0.0,0.0
2024-02-02 00:00:00-05:00,25.549999237060547,26.799999237060547,25.440000534057617,26.56999969482422,2994300,0.0,0.0
2024-02-05 00:00:00-05:00,26.600000381469727,27.219999313354492,26.329999923706055,26.950000762939453,3810300,0.0,0.0
2024-02-06 00:00:00-05:00,27.110000610351562,27.459999084472656,26.889999389648438,27.209999084472656,2118000,0.0,0.0
2024-02-07 00:00:00-05:00,27.31999969482422,27.399999618530273,26.579999923706055,26.649999618530273,2090700,0.0,0.0
2024-02-08 00:00:00-05:00,26.600000381469727,26.6200008392334,26.200000762939453,26.440000534057617,1687800,0.0,0.0
2024-02-09 00:00:00-05:00,26.739999771118164,28.0,26.739999771118164,27.709999084472656,4193900,0.0,0.0
2024-02-12 00:00:00-05:00,27.8700008392334,28.93000030517578,27.690000534057617,27.760000228881836,3589700,0.0,0.0
2024-02-13 00:00:00-05:00,26.799999237060547,27.329999923706055,26.209999084472656,26.25,2751800,0.0,0.0
2024-02-14 00:00:00-05:00,26.860000610351562,26.969999313354492,26.020000457763672,26.350000381469727,3839600,0.0,0.0
2024-02-15 00:00:00-05:00,26.690000534057617,27.18000030517578,25.84000015258789,26.100000381469727,4271300,0.0,0.0
2024-02-16 00:00:00-05:00,26.0,26.09000015258789,25.200000762939453,25.6299991607666,2751300,0.0,0.0
2024-02-20 00:00:00-05:00,25.600000381469727,25.68000030517578,25.079999923706055,25.280000686645508,2748800,0.0,0.0
2024-02-21 00:00:00-05:00,25.110000610351562,25.219999313354492,24.479999542236328,24.5,2710400,0.0,0.0
2024-02-22 00:00:00-05:00,24.850000381469727,24.889999389648438,24.170000076293945,24.260000228881836,3048200,0.0,0.0
2024-02-23 00:00:00-05:00,24.059999465942383,24.170000076293945,23.489999771118164,23.739999771118164,2951000,0.0,0.0
2024-02-26 00:00:00-05:00,23.809999465942383,24.989999771118164,23.75,24.3799991607666,3535600,0.0,0.0
2024-02-27 00:00:00-05:00,24.950000762939453,26.489999771118164,24.809999465942383,25.360000610351562,7821000,0.0,0.0
2024-02-28 00:00:00-05:00,25.149999618530273,26.309999465942383,24.829999923706055,26.100000381469727,5050100,0.0,0.0
2024-02-29 00:00:00-05:00,26.489999771118164,26.549999237060547,25.25,25.469999313354492,2577600,0.0,0.0
2024-03-01 00:00:00-05:00,25.829999923706055,27.559999465942383,25.68000030517578,27.049999237060547,4540500,0.0,0.0
2024-03-04 00:00:00-05:00,27.049999237060547,27.149999618530273,25.56999969482422,25.770000457763672,3042900,0.0,0.0
2024-03-05 00:00:00-05:00,25.600000381469727,25.610000610351562,24.780000686645508,24.959999084472656,2682300,0.0,0.0
2024-03-06 00:00:00-05:00,25.059999465942383,28.950000762939453,24.770000457763672,27.809999465942383,13351200,0.0,0.0
2024-03-07 00:00:00-05:00,27.93000030517578,28.59000015258789,27.790000915527344,28.3799991607666,4477200,0.0,0.0
2024-03-08 00:00:00-05:00,28.68000030517578,28.81999969482422,27.110000610351562,27.600000381469727,4710500,0.0,0.0
2024-03-11 00:00:00-04:00,27.889999389648438,28.43000030517578,27.350000381469727,27.719999313354492,2671100,0.0,0.0
2024-03-12 00:00:00-04:00,27.93000030517578,28.469999313354492,27.530000686645508,28.43000030517578,3664300,0.0,0.0
2024-03-13 00:00:00-04:00,27.8799991607666,29.399999618530273,27.8799991607666,28.75,2915700,0.0,0.0
2024-03-14 00:00:00-04:00,28.700000762939453,28.719999313354492,28.170000076293945,28.459999084472656,2189400,0.0,0.0
2024-03-15 00:00:00-04:00,27.850000381469727,28.040000915527344,27.399999618530273,27.739999771118164,5221900,0.0,0.0
2024-03-18 00:00:00-04:00,28.420000076293945,29.200000762939453,27.8799991607666,28.940000534057617,2972200,0.0,0.0
2024-03-19 00:00:00-04:00,28.170000076293945,28.670000076293945,27.350000381469727,28.3700008392334,4758000,0.0,0.0
2024-03-20 00:00:00-04:00,29.899999618530273,30.549999237060547,28.75,30.5,6687900,0.0,0.0
2024-03-21 00:00:00-04:00,30.6299991607666,32.119998931884766,30.25,31.399999618530273,6246200,0.0,0.0
2024-03-22 00:00:00-04:00,31.670000076293945,31.790000915527344,30.690000534057617,31.56999969482422,2765700,0.0,0.0
2024-03-25 00:00:00-04:00,31.34000015258789,31.469999313354492,30.93000030517578,31.190000534057617,2194900,0.0,0.0
2024-03-26 00:00:00-04:00,31.270000457763672,31.799999237060547,31.200000762939453,31.350000381469727,1563600,0.0,0.0
2024-03-27 00:00:00-04:00,31.530000686645508,32.7599983215332,31.350000381469727,32.70000076293945,3163400,0.0,0.0
2024-03-28 00:00:00-04:00,32.95000076293945,33.599998474121094,32.0099983215332,32.150001525878906,3121000,0.0,0.0
2024-04-01 00:00:00-04:00,32.25,32.560001373291016,31.5,32.099998474121094,1806700,0.0,0.0
2024-04-02 00:00:00-04:00,31.299999237060547,32.779998779296875,31.030000686645508,32.709999084472656,2570200,0.0,0.0
2024-04-03 00:00:00-04:00,32.90999984741211,33.54999923706055,32.36000061035156,32.619998931884766,2531100,0.0,0.0
2024-04-04 00:00:00-04:00,32.88999938964844,34.0,31.690000534057617,31.780000686645508,3572900,0.0,0.0
2024-04-05 00:00:00-04:00,31.639999389648438,31.940000534057617,31.420000076293945,31.709999084472656,1536400,0.0,0.0
2024-04-08 00:00:00-04:00,31.649999618530273,31.829999923706055,31.15999984741211,31.260000228881836,1379100,0.0,0.0
2024-04-09 00:00:00-04:00,31.3700008392334,32.31999969482422,31.260000228881836,32.029998779296875,1449700,0.0,0.0
2024-04-10 00:00:00-04:00,31.149999618530273,31.510000228881836,30.43000030517578,30.90999984741211,2177400,0.0,0.0
2024-04-11 00:00:00-04:00,31.200000762939453,31.5,30.040000915527344,31.40999984741211,1973100,0.0,0.0
2024-04-12 00:00:00-04:00,31.649999618530273,32.709999084472656,31.040000915527344,31.719999313354492,2691300,0.0,0.0
2024-04-15 00:00:00-04:00,31.84000015258789,32.20000076293945,31.079999923706055,31.350000381469727,1919000,0.0,0.0
2024-04-16 00:00:00-04:00,30.979999542236328,31.079999923706055,30.06999969482422,30.1299991607666,2787200,0.0,0.0
2024-04-17 00:00:00-04:00,31.43000030517578,32.16999816894531,30.850000381469727,30.959999084472656,3234800,0.0,0.0
2024-04-18 00:00:00-04:00,30.549999237060547,31.110000610351562,30.280000686645508,30.979999542236328,2045700,0.0,0.0
2024-04-19 00:00:00-04:00,30.829999923706055,31.229999542236328,30.209999084472656,30.229999542236328,2182000,0.0,0.0
2024-04-22 00:00:00-04:00,30.239999771118164,30.719999313354492,29.65999984741211,30.1200008392334,1658400,0.0,0.0
2024-04-23 00:00:00-04:00,29.809999465942383,30.780000686645508,29.799999237060547,30.43000030517578,1594400,0.0,0.0
2024-04-24 00:00:00-04:00,30.899999618530273,31.59000015258789,30.860000610351562,31.1200008392334,3752900,0.0,0.0
2024-04-25 00:00:00-04:00,33.0,33.040000915527344,28.709999084472656,30.899999618530273,5446900,0.0,0.0
2024-04-26 00:00:00-04:00,29.899999618530273,30.43000030517578,28.239999771118164,29.200000762939453,5592200,0.0,0.0
2024-04-29 00:00:00-04:00,29.200000762939453,29.31999969482422,27.360000610351562,28.0,6060700,0.0,0.0
2024-04-30 00:00:00-04:00,27.5,28.190000534057617,27.309999465942383,27.549999237060547,2872000,0.0,0.0
2024-05-01 00:00:00-04:00,28.0,29.09000015258789,27.760000228881836,28.8700008392334,2496300,0.0,0.0
2024-05-02 00:00:00-04:00,29.5,30.540000915527344,29.239999771118164,30.5,2554500,0.0,0.0
2024-05-03 00:00:00-04:00,30.6299991607666,30.920000076293945,28.959999084472656,30.030000686645508,2153800,0.0,0.0
2024-05-06 00:00:00-04:00,30.079999923706055,30.649999618530273,29.65999984741211,29.850000381469727,1415200,0.0,0.0
2024-05-07 00:00:00-04:00,29.959999084472656,30.1200008392334,29.100000381469727,29.100000381469727,2626700,0.0,0.0
2024-05-08 00:00:00-04:00,28.399999618530273,29.25,28.270000457763672,28.670000076293945,1370700,0.0,0.0
2024-05-09 00:00:00-04:00,28.700000762939453,28.860000610351562,28.010000228881836,28.040000915527344,1883000,0.0,0.0
2024-05-10 00:00:00-04:00,28.040000915527344,28.25,27.1200008392334,27.1299991607666,2071200,0.0,0.0
2024-05-13 00:00:00-04:00,27.18000030517578,28.8799991607666,27.18000030517578,28.0,1707600,0.0,0.0
2024-05-14 00:00:00-04:00,28.399999618530273,28.989999771118164,28.06999969482422,28.719999313354492,2400000,0.0,0.0
2024-05-15 00:00:00-04:00,29.360000610351562,29.5,28.350000381469727,28.90999984741211,1482700,0.0,0.0
2024-05-16 00:00:00-04:00,28.81999969482422,28.889999389648438,28.18000030517578,28.5,1181100,0.0,0.0
2024-05-17 00:00:00-04:00,28.610000610351562,28.690000534057617,28.209999084472656,28.579999923706055,1187700,0.0,0.0
2024-05-20 00:00:00-04:00,28.579999923706055,28.579999923706055,27.610000610351562,27.700000762939453,2054100,0.0,0.0
2024-05-21 00:00:00-04:00,27.5,28.049999237060547,27.239999771118164,27.510000228881836,2639000,0.0,0.0
2024-05-22 00:00:00-04:00,27.5,27.940000534057617,27.219999313354492,27.809999465942383,2528500,0.0,0.0
2024-05-23 00:00:00-04:00,27.899999618530273,27.989999771118164,27.440000534057617,27.559999465942383,1834800,0.0,0.0
2024-05-24 00:00:00-04:00,27.549999237060547,27.719999313354492,25.610000610351562,25.65999984741211,4745300,0.0,0.0
2024-05-28 00:00:00-04:00,25.899999618530273,26.59000015258789,25.84000015258789,26.489999771118164,3064800,0.0,0.0
2024-05-29 00:00:00-04:00,26.049999237060547,26.260000228881836,25.690000534057617,26.020000457763672,1600500,0.0,0.0
2024-05-30 00:00:00-04:00,25.969999313354492,26.84000015258789,25.540000915527344,25.850000381469727,1553400,0.0,0.0
2024-05-31 00:00:00-04:00,25.8700008392334,25.950000762939453,25.010000228881836,25.65999984741211,2775300,0.0,0.0
2024-06-03 00:00:00-04:00,26.1299991607666,26.540000915527344,25.790000915527344,26.459999084472656,2121900,0.0,0.0
2024-06-04 00:00:00-04:00,26.149999618530273,26.190000534057617,25.31999969482422,25.389999389648438,1779300,0.0,0.0
2024-06-05 00:00:00-04:00,25.670000076293945,26.149999618530273,25.049999237060547,25.940000534057617,4160300,0.0,0.0
2024-06-06 00:00:00-04:00,25.770000457763672,27.639999389648438,25.510000228881836,27.399999618530273,5355400,0.0,0.0
2024-06-07 00:00:00-04:00,27.969999313354492,32.18000030517578,27.709999084472656,31.68000030517578,17413400,0.0,0.0
2024-06-10 00:00:00-04:00,31.5,33.2599983215332,30.010000228881836,32.470001220703125,8864000,0.0,0.0
2024-06-11 00:00:00-04:00,32.04999923706055,32.22999954223633,30.059999465942383,30.110000610351562,6425700,0.0,0.0
2024-06-12 00:00:00-04:00,30.5,31.31999969482422,29.260000228881836,29.34000015258789,5212700,0.0,0.0
2024-06-13 00:00:00-04:00,29.639999389648438,30.170000076293945,28.610000610351562,29.09000015258789,4198900,0.0,0.0
2024-06-14 00:00:00-04:00,29.0,29.5,27.729999542236328,28.219999313354492,3325300,0.0,0.0
2024-06-17 00:00:00-04:00,28.299999237060547,28.65999984741211,27.559999465942383,27.600000381469727,3761700,0.0,0.0
2024-06-18 00:00:00-04:00,27.649999618530273,27.649999618530273,25.690000534057617,25.969999313354492,6096400,0.0,0.0
2024-06-20 00:00:00-04:00,25.969999313354492,26.889999389648438,25.93000030517578,26.139999389648438,3839500,0.0,0.0
2024-06-21 00:00:00-04:00,25.950000762939453,27.110000610351562,25.190000534057617,26.889999389648438,6422300,0.0,0.0
2024-06-24 00:00:00-04:00,26.649999618530273,27.079999923706055,26.200000762939453,26.729999542236328,3265300,0.0,0.0
2024-06-25 00:00:00-04:00,26.670000076293945,26.739999771118164,25.84000015258789,26.079999923706055,2735800,0.0,0.0
2024-06-26 00:00:00-04:00,25.93000030517578,28.25,25.670000076293945,28.149999618530273,4407400,0.0,0.0
2024-06-27 00:00:00-04:00,27.700000762939453,28.049999237060547,27.110000610351562,28.020000457763672,4223900,0.0,0.0
2024-06-28 00:00:00-04:00,28.0,28.469999313354492,27.68000030517578,28.09000015258789,2226800,0.0,0.0
2024-07-01 00:00:00-04:00,28.25,28.489999771118164,26.84000015258789,27.610000610351562,2828000,0.0,0.0
2024-07-02 00:00:00-04:00,28.079999923706055,28.469999313354492,27.299999237060547,27.889999389648438,1820900,0.0,0.0
2024-07-03 00:00:00-04:00,27.809999465942383,27.8799991607666,27.1200008392334,27.43000030517578,1443800,0.0,0.0
2024-07-05 00:00:00-04:00,27.34000015258789,28.479999542236328,27.31999969482422,27.81999969482422,3558500,0.0,0.0
2024-07-08 00:00:00-04:00,28.0,28.729999542236328,27.510000228881836,27.81999969482422,2578800,0.0,0.0
2024-07-09 00:00:00-04:00,27.399999618530273,27.799999237060547,26.600000381469727,26.68000030517578,2614800,0.0,0.0
2024-07-10 00:00:00-04:00,26.969999313354492,27.399999618530273,26.06999969482422,26.75,2985600,0.0,0.0
2024-07-11 00:00:00-04:00,27.0,27.469999313354492,26.469999313354492,27.030000686645508,3671000,0.0,0.0
2024-07-12 00:00:00-04:00,26.68000030517578,27.68000030517578,26.40999984741211,26.459999084472656,4265100,0.0,0.0
2024-07-15 00:00:00-04:00,27.3799991607666,27.3799991607666,26.309999465942383,26.950000762939453,4995500,0.0,0.0
2024-07-16 00:00:00-04:00,27.0,27.1200008392334,26.149999618530273,26.989999771118164,3311000,0.0,0.0
2024-07-17 00:00:00-04:00,26.700000762939453,26.969999313354492,25.81999969482422,26.270000457763672,3276000,0.0,0.0
2024-07-18 00:00:00-04:00,26.34000015258789,27.25,26.219999313354492,26.440000534057617,4322900,0.0,0.0
2024-07-19 00:00:00-04:00,26.0,26.360000610351562,24.59000015258789,24.670000076293945,4697600,0.0,0.0
2024-07-22 00:00:00-04:00,24.850000381469727,25.09000015258789,23.950000762939453,23.989999771118164,4065500,0.0,0.0
2024-07-23 00:00:00-04:00,23.75,24.209999084472656,23.100000381469727,23.309999465942383,5005800,0.0,0.0
2024-07-24 00:00:00-04:00,23.0,23.079999923706055,22.049999237060547,22.290000915527344,4332700,0.0,0.0
2024-07-25 00:00:00-04:00,21.360000610351562,22.09000015258789,21.06999969482422,21.079999923706055,6138700,0.0,0.0
2024-07-26 00:00:00-04:00,21.15999984741211,21.670000076293945,21.15999984741211,21.219999313354492,3365500,0.0,0.0
2024-07-29 00:00:00-04:00,21.190000534057617,21.219999313354492,20.68000030517578,20.84000015258789,4160500,0.0,0.0
2024-07-30 00:00:00-04:00,20.850000381469727,20.989999771118164,19.649999618530273,20.0,5547500,0.0,0.0
2024-07-31 00:00:00-04:00,20.020000457763672,21.110000610351562,20.010000228881836,21.0,7318200,0.0,0.0
2024-08-01 00:00:00-04:00,18.049999237060547,18.450000762939453,15.210000038146973,16.280000686645508,28139500,0.0,0.0
2024-08-02 00:00:00-04:00,15.899999618530273,17.209999084472656,15.5,15.960000038146973,11217300,0.0,0.0
2024-08-05 00:00:00-04:00,14.350000381469727,16.200000762939453,14.329999923706055,15.180000305175781,6290400,0.0,0.0
2024-08-06 00:00:00-04:00,16.079999923706055,16.1200008392334,15.239999771118164,15.619999885559082,6777700,0.0,0.0
2024-08-07 00:00:00-04:00,16.0,16.170000076293945,14.920000076293945,15.0,8171000,0.0,0.0
2024-08-08 00:00:00-04:00,14.979999542236328,15.949999809265137,14.960000038146973,15.890000343322754,4092100,0.0,0.0
2024-08-09 00:00:00-04:00,15.829999923706055,15.979999542236328,15.039999961853027,15.279999732971191,4413200,0.0,0.0
2024-08-12 00:00:00-04:00,15.210000038146973,15.239999771118164,14.460000038146973,14.600000381469727,4708500,0.0,0.0
2024-08-13 00:00:00-04:00,14.5,15.0600004196167,14.319999694824219,14.84000015258789,5448900,0.0,0.0
2024-08-14 00:00:00-04:00,14.800000190734863,14.960000038146973,13.890000343322754,13.920000076293945,5994000,0.0,0.0
2024-08-15 00:00:00-04:00,14.109999656677246,14.489999771118164,13.829999923706055,14.270000457763672,6959500,0.0,0.0
2024-08-16 00:00:00-04:00,14.220000267028809,14.479999542236328,14.050000190734863,14.300000190734863,3635400,0.0,0.0
2024-08-19 00:00:00-04:00,14.359999656677246,14.920000076293945,14.359999656677246,14.880000114440918,2928000,0.0,0.0
2024-08-20 00:00:00-04:00,14.800000190734863,15.270000457763672,14.5600004196167,14.920000076293945,4302600,0.0,0.0
2024-08-21 00:00:00-04:00,14.789999961853027,15.279999732971191,14.720000267028809,15.15999984741211,3069000,0.0,0.0
2024-08-22 00:00:00-04:00,15.0,15.289999961853027,14.949999809265137,15.15999984741211,3325300,0.0,0.0
2024-08-23 00:00:00-04:00,15.1899995803833,15.470000267028809,14.319999694824219,14.399999618530273,4416000,0.0,0.0
2024-08-26 00:00:00-04:00,14.399999618530273,14.510000228881836,14.029999732971191,14.050000190734863,4504100,0.0,0.0
2024-08-27 00:00:00-04:00,14.039999961853027,14.229999542236328,13.6899995803833,13.800000190734863,2998700,0.0,0.0
2024-08-28 00:00:00-04:00,13.699999809265137,13.729999542236328,13.15999984741211,13.510000228881836,3513400,0.0,0.0
2024-08-29 00:00:00-04:00,13.729999542236328,14.260000228881836,13.6899995803833,14.039999961853027,2633400,0.0,0.0
2024-08-30 00:00:00-04:00,14.25,14.760000228881836,14.199999809265137,14.279999732971191,3855400,0.0,0.0
2024-09-03 00:00:00-04:00,14.020000457763672,14.25,13.600000381469727,13.619999885559082,3105200,0.0,0.0
2024-09-04 00:00:00-04:00,13.5,14.0,13.479999542236328,13.619999885559082,2686800,0.0,0.0
2024-09-05 00:00:00-04:00,13.529999732971191,13.930000305175781,12.510000228881836,12.619999885559082,6357900,0.0,0.0
2024-09-06 00:00:00-04:00,12.140000343322754,12.180000305175781,11.449999809265137,11.550000190734863,10422400,0.0,0.0
2024-09-09 00:00:00-04:00,11.619999885559082,12.09000015258789,11.0600004196167,11.149999618530273,7224300,0.0,0.0
2024-09-10 00:00:00-04:00,11.199999809265137,11.359999656677246,10.550000190734863,10.800000190734863,7632600,0.0,0.0
2024-09-11 00:00:00-04:00,10.880000114440918,11.109999656677246,10.479999542236328,10.84000015258789,6696000,0.0,0.0
2024-09-12 00:00:00-04:00,10.850000381469727,10.920000076293945,10.479999542236328,10.569999694824219,6197800,0.0,0.0
2024-09-13 00:00:00-04:00,10.539999961853027,11.020000457763672,10.5,10.90999984741211,5218000,0.0,0.0
2024-09-16 00:00:00-04:00,10.770000457763672,11.430000305175781,10.619999885559082,11.420000076293945,4520400,0.0,0.0
2024-09-17 00:00:00-04:00,12.100000381469727,12.300000190734863,11.670000076293945,11.84000015258789,7878700,0.0,0.0
2024-09-18 00:00:00-04:00,11.880000114440918,12.369999885559082,11.569999694824219,11.609999656677246,6163500,0.0,0.0
2024-09-19 00:00:00-04:00,12.850000381469727,13.789999961853027,12.649999618530273,13.350000381469727,18141400,0.0,0.0
2024-09-20 00:00:00-04:00,13.149999618530273,13.319999694824219,11.8100004196167,12.380000114440918,17404200,0.0,0.0
2024-09-23 00:00:00-04:00,12.699999809265137,13.0600004196167,12.289999961853027,12.34000015258789,8655900,0.0,0.0
2024-09-24 00:00:00-04:00,12.6899995803833,13.329999923706055,12.579999923706055,13.100000381469727,8291700,0.0,0.0
2024-09-25 00:00:00-04:00,12.90999984741211,13.09000015258789,12.4399995803833,12.470000267028809,5828200,0.0,0.0
2024-09-26 00:00:00-04:00,13.300000190734863,14.09000015258789,12.970000267028809,13.779999732971191,11503100,0.0,0.0
2024-09-27 00:00:00-04:00,14.119999885559082,14.850000381469727,13.930000305175781,14.390000343322754,8440200,0.0,0.0
2024-09-30 00:00:00-04:00,14.029999732971191,14.520000457763672,13.579999923706055,13.699999809265137,5013100,0.0,0.0
2024-10-01 00:00:00-04:00,13.789999961853027,14.039999961853027,13.229999542236328,13.4399995803833,5150700,0.0,0.0
2024-10-02 00:00:00-04:00,12.880000114440918,13.390000343322754,12.579999923706055,13.279999732971191,4910700,0.0,0.0
2024-10-03 00:00:00-04:00,13.130000114440918,13.170000076293945,12.229999542236328,12.390000343322754,7497000,0.0,0.0
2024-10-04 00:00:00-04:00,12.579999923706055,13.0,12.529999732971191,12.930000305175781,5143800,0.0,0.0
2024-10-07 00:00:00-04:00,12.279999732971191,12.609999656677246,12.039999961853027,12.329999923706055,5850700,0.0,0.0
2024-10-08 00:00:00-04:00,12.130000114440918,12.789999961853027,12.039999961853027,12.239999771118164,5946300,0.0,0.0
2024-10-09 00:00:00-04:00,12.199999809265137,12.649999618530273,12.039999961853027,12.069999694824219,4227800,0.0,0.0
2024-10-10 00:00:00-04:00,12.069999694824219,12.510000228881836,11.920000076293945,12.289999961853027,4798300,0.0,0.0
2024-10-11 00:00:00-04:00,11.789999961853027,13.050000190734863,11.760000228881836,12.890000343322754,8385800,0.0,0.0
2024-10-14 00:00:00-04:00,12.800000190734863,13.180000305175781,12.329999923706055,12.960000038146973,5672100,0.0,0.0
2024-10-15 00:00:00-04:00,12.510000228881836,13.390000343322754,12.020000457763672,12.170000076293945,7596400,0.0,0.0
2024-10-16 00:00:00-04:00,12.050000190734863,12.5,11.119999885559082,12.130000114440918,7772700,0.0,0.0
2024-10-17 00:00:00-04:00,12.260000228881836,12.9399995803833,12.109999656677246,12.880000114440918,5560400,0.0,0.0
2024-10-18 00:00:00-04:00,13.239999771118164,13.350000381469727,12.619999885559082,12.789999961853027,3885400,0.0,0.0
2024-10-21 00:00:00-04:00,12.8100004196167,13.25,12.619999885559082,13.1899995803833,3776600,0.0,0.0
2024-10-22 00:00:00-04:00,13.25,13.3100004196167,12.84000015258789,13.0,3158500,0.0,0.0
2024-10-23 00:00:00-04:00,12.949999809265137,13.010000228881836,12.25,12.569999694824219,3435500,0.0,0.0
2024-10-24 00:00:00-04:00,12.859999656677246,12.890000343322754,12.3100004196167,12.510000228881836,4555100,0.0,0.0
2024-10-25 00:00:00-04:00,12.619999885559082,12.890000343322754,12.520000457763672,12.670000076293945,3135400,0.0,0.0
2024-10-28 00:00:00-04:00,12.600000381469727,13.170000076293945,12.600000381469727,13.020000457763672,3480700,0.0,0.0
2024-10-29 00:00:00-04:00,13.039999961853027,13.470000267028809,12.8100004196167,13.270000457763672,5087900,0.0,0.0
2024-10-30 00:00:00-04:00,12.899999618530273,13.010000228881836,12.350000381469727,12.420000076293945,7684100,0.0,0.0
2024-10-31 00:00:00-04:00,14.100000381469727,14.880000114440918,12.720000267028809,13.609999656677246,15803800,0.0,0.0
2024-11-01 00:00:00-04:00,13.979999542236328,15.829999923706055,13.640000343322754,15.569999694824219,17110600,0.0,0.0
2024-11-04 00:00:00-05:00,15.25,15.5,14.399999618530273,14.569999694824219,7514900,0.0,0.0
2024-11-05 00:00:00-05:00,14.649999618530273,15.329999923706055,14.630000114440918,15.229999542236328,5153100,0.0,0.0
2024-11-06 00:00:00-05:00,15.899999618530273,16.010000228881836,14.949999809265137,15.4399995803833,9391300,0.0,0.0
2024-11-07 00:00:00-05:00,16.440000534057617,17.389999389648438,16.25,16.510000228881836,12192100,0.0,0.0
2024-11-08 00:00:00-05:00,16.510000228881836,16.600000381469727,16.09000015258789,16.450000762939453,6266200,0.0,0.0
2024-11-11 00:00:00-05:00,16.559999465942383,16.75,15.800000190734863,16.639999389648438,6480100,0.0,0.0
2024-11-12 00:00:00-05:00,16.729999542236328,17.299999237060547,16.309999465942383,16.93000030517578,6566000,0.0,0.0
2024-11-13 00:00:00-05:00,17.280000686645508,17.579999923706055,16.889999389648438,17.309999465942383,6153300,0.0,0.0
2024-11-14 00:00:00-05:00,17.290000915527344,17.3700008392334,15.359999656677246,15.489999771118164,9429800,0.0,0.0
2024-11-15 00:00:00-05:00,15.6899995803833,15.699999809265137,14.800000190734863,14.989999771118164,5970500,0.0,0.0
2024-11-18 00:00:00-05:00,16.18000030517578,16.950000762939453,15.8100004196167,16.81999969482422,9793000,0.0,0.0
2024-11-19 00:00:00-05:00,16.600000381469727,16.8700008392334,16.170000076293945,16.760000228881836,7262300,0.0,0.0
2024-11-20 00:00:00-05:00,16.799999237060547,17.56999969482422,16.719999313354492,16.920000076293945,5353100,0.0,0.0
2024-11-21 00:00:00-05:00,16.8700008392334,17.450000762939453,16.459999084472656,17.290000915527344,4231600,0.0,0.0
2024-11-22 00:00:00-05:00,17.219999313354492,18.139999389648438,17.209999084472656,17.969999313354492,6086200,0.0,0.0
2024-11-25 00:00:00-05:00,18.270000457763672,19.149999618530273,18.1299991607666,18.5,8088200,0.0,0.0
2024-11-26 00:00:00-05:00,18.5,18.799999237060547,17.899999618530273,17.920000076293945,4817800,0.0,0.0
2024-11-27 00:00:00-05:00,18.170000076293945,18.8700008392334,17.709999084472656,18.030000686645508,3136700,0.0,0.0
2024-11-29 00:00:00-05:00,18.219999313354492,18.420000076293945,18.040000915527344,18.049999237060547,2051200,0.0,0.0
2024-12-02 00:00:00-05:00,18.290000915527344,18.360000610351562,17.280000686645508,17.389999389648438,3580800,0.0,0.0
2024-12-03 00:00:00-05:00,17.229999542236328,18.790000915527344,16.770000457763672,17.540000915527344,7204600,0.0,0.0
2024-12-04 00:00:00-05:00,17.389999389648438,17.549999237060547,16.799999237060547,17.079999923706055,4718700,0.0,0.0
2024-12-05 00:00:00-05:00,18.440000534057617,18.790000915527344,16.969999313354492,17.100000381469727,9625000,0.0,0.0
2024-12-06 00:00:00-05:00,17.399999618530273,17.549999237060547,16.510000228881836,17.0,7964000,0.0,0.0
2024-12-09 00:00:00-05:00,17.350000381469727,18.850000381469727,17.190000534057617,17.510000228881836,9698400,0.0,0.0
2024-12-10 00:00:00-05:00,17.860000610351562,17.860000610351562,16.360000610351562,16.979999542236328,9883200,0.0,0.0
2024-12-11 00:00:00-05:00,17.079999923706055,17.3799991607666,16.790000915527344,17.040000915527344,4928900,0.0,0.0
2024-12-12 00:00:00-05:00,17.09000015258789,18.299999237060547,16.729999542236328,17.719999313354492,6612000,0.0,0.0
2024-12-13 00:00:00-05:00,17.959999084472656,18.049999237060547,17.010000228881836,17.510000228881836,4483200,0.0,0.0
2024-12-16 00:00:00-05:00,17.59000015258789,18.889999389648438,17.34000015258789,18.799999237060547,8481500,0.0,0.0
2024-12-17 00:00:00-05:00,18.809999465942383,20.09000015258789,18.790000915527344,19.639999389648438,11100300,0.0,0.0
2024-12-18 00:00:00-05:00,19.6299991607666,19.770000457763672,17.170000076293945,17.350000381469727,10626900,0.0,0.0
2024-12-19 00:00:00-05:00,17.81999969482422,17.829999923706055,16.799999237060547,17.719999313354492,7430200,0.0,0.0
2024-12-20 00:00:00-05:00,17.290000915527344,18.360000610351562,16.90999984741211,17.510000228881836,6333600,0.0,0.0
2024-12-23 00:00:00-05:00,17.520000457763672,18.549999237060547,17.299999237060547,18.510000228881836,3653000,0.0,0.0
2024-12-24 00:00:00-05:00,18.68000030517578,19.209999084472656,18.540000915527344,18.940000534057617,2480300,0.0,0.0
2024-12-26 00:00:00-05:00,18.739999771118164,19.8700008392334,18.549999237060547,19.469999313354492,4502500,0.0,0.0
2024-12-27 00:00:00-05:00,19.190000534057617,20.079999923706055,18.829999923706055,20.030000686645508,5554800,0.0,0.0
2024-12-30 00:00:00-05:00,19.56999969482422,20.479999542236328,18.899999618530273,20.06999969482422,6229600,0.0,0.0
2024-12-31 00:00:00-05:00,20.5,20.790000915527344,19.459999084472656,19.920000076293945,5787500,0.0,0.0
2025-01-02 00:00:00-05:00,20.010000228881836,20.43000030517578,19.34000015258789,20.020000457763672,6218600,0.0,0.0
2025-01-03 00:00:00-05:00,20.110000610351562,21.889999389648438,20.110000610351562,21.700000762939453,8091200,0.0,0.0
2025-01-06 00:00:00-05:00,22.0,22.3700008392334,21.450000762939453,21.850000381469727,10530400,0.0,0.0
2025-01-07 00:00:00-05:00,22.170000076293945,22.510000228881836,19.030000686645508,19.549999237060547,12266900,0.0,0.0
2025-01-08 00:00:00-05:00,19.0,19.200000762939453,16.559999465942383,16.950000762939453,21303400,0.0,0.0
2025-01-10 00:00:00-05:00,15.9399995803833,16.399999618530273,15.5,15.649999618530273,13251500,0.0,0.0
2025-01-13 00:00:00-05:00,15.199999809265137,15.75,14.920000076293945,15.670000076293945,8902600,0.0,0.0
2025-01-14 00:00:00-05:00,16.479999542236328,17.25,16.010000228881836,16.1299991607666,7187400,0.0,0.0
2025-01-15 00:00:00-05:00,16.600000381469727,17.049999237060547,16.469999313354492,16.729999542236328,5385500,0.0,0.0
2025-01-16 00:00:00-05:00,17.200000762939453,17.670000076293945,16.5,16.510000228881836,6532500,0.0,0.0
2025-01-17 00:00:00-05:00,17.0,17.09000015258789,16.010000228881836,16.020000457763672,6377100,0.0,0.0
2025-01-21 00:00:00-05:00,16.260000228881836,16.920000076293945,15.729999542236328,16.670000076293945,5582800,0.0,0.0
2025-01-22 00:00:00-05:00,16.479999542236328,17.09000015258789,16.479999542236328,17.0,4292600,0.0,0.0
2025-01-23 00:00:00-05:00,16.780000686645508,17.0,16.309999465942383,16.829999923706055,3347200,0.0,0.0
2025-01-24 00:00:00-05:00,16.93000030517578,17.34000015258789,16.489999771118164,16.540000915527344,5468400,0.0,0.0
2025-01-27 00:00:00-05:00,16.299999237060547,16.90999984741211,15.920000076293945,16.170000076293945,4879600,0.0,0.0
2025-01-28 00:00:00-05:00,16.06999969482422,16.739999771118164,15.579999923706055,16.709999084472656,4643300,0.0,0.0
2025-01-29 00:00:00-05:00,16.329999923706055,16.579999923706055,15.90999984741211,16.010000228881836,5177100,0.0,0.0
2025-01-30 00:00:00-05:00,14.680000305175781,16.799999237060547,14.5,16.309999465942383,20502000,0.0,0.0
2025-01-31 00:00:00-05:00,16.5,17.829999923706055,16.219999313354492,16.520000457763672,7747500,0.0,0.0
2025-02-03 00:00:00-05:00,15.75,16.399999618530273,15.520000457763672,16.030000686645508,5592300,0.0,0.0
2025-02-04 00:00:00-05:00,16.1299991607666,16.239999771118164,15.739999771118164,15.920000076293945,3034200,0.0,0.0
2025-02-05 00:00:00-05:00,15.699999809265137,16.350000381469727,15.550000190734863,16.149999618530273,5714600,0.0,0.0
2025-02-06 00:00:00-05:00,16.43000030517578,16.850000381469727,16.219999313354492,16.459999084472656,3369900,0.0,0.0
2025-02-07 00:00:00-05:00,16.600000381469727,16.6200008392334,15.960000038146973,16.06999969482422,2796000,0.0,0.0
2025-02-10 00:00:00-05:00,18.489999771118164,19.190000534057617,17.8799991607666,17.969999313354492,13665300,0.0,0.0
2025-02-11 00:00:00-05:00,17.739999771118164,18.43000030517578,17.1299991607666,17.190000534057617,4465600,0.0,0.0
2025-02-12 00:00:00-05:00,16.93000030517578,17.030000686645508,16.18000030517578,16.719999313354492,7696100,0.0,0.0
2025-02-13 00:00:00-05:00,17.100000381469727,17.790000915527344,17.040000915527344,17.440000534057617,3385800,0.0,0.0
2025-02-14 00:00:00-05:00,17.829999923706055,18.219999313354492,17.68000030517578,17.969999313354492,3027200,0.0,0.0
2025-02-18 00:00:00-05:00,18.0,19.219999313354492,17.84000015258789,18.889999389648438,4174500,0.0,0.0
2025-02-19 00:00:00-05:00,18.829999923706055,18.829999923706055,17.709999084472656,18.1299991607666,4020800,0.0,0.0
2025-02-20 00:00:00-05:00,18.170000076293945,18.34000015258789,17.25,17.770000457763672,2701700,0.0,0.0
2025-02-21 00:00:00-05:00,17.81999969482422,17.989999771118164,16.309999465942383,16.510000228881836,4259700,0.0,0.0
2025-02-24 00:00:00-05:00,16.459999084472656,16.920000076293945,15.609999656677246,16.540000915527344,3658300,0.0,0.0
2025-02-25 00:00:00-05:00,16.520000457763672,16.860000610351562,15.789999961853027,16.079999923706055,4406200,0.0,0.0
2025-02-26 00:00:00-05:00,16.43000030517578,16.790000915527344,16.25,16.420000076293945,2570000,0.0,0.0
2025-02-27 00:00:00-05:00,16.68000030517578,17.110000610351562,15.9399995803833,16.149999618530273,3307900,0.0,0.0
2025-02-28 00:00:00-05:00,15.65999984741211,16.270000457763672,15.329999923706055,15.760000228881836,3805700,0.0,0.0
2025-03-03 00:00:00-05:00,16.020000457763672,16.149999618530273,14.289999961853027,14.449999809265137,3566400,0.0,0.0
2025-03-04 00:00:00-05:00,14.09000015258789,15.010000228881836,13.460000038146973,14.390000343322754,6779700,0.0,0.0
2025-03-05 00:00:00-05:00,14.390000343322754,14.949999809265137,14.100000381469727,14.880000114440918,4537900,0.0,0.0
2025-03-06 00:00:00-05:00,14.510000228881836,15.09000015258789,14.34000015258789,14.819999694824219,3386800,0.0,0.0
2025-03-07 00:00:00-05:00,14.729999542236328,15.680000305175781,14.680000305175781,15.59000015258789,3739000,0.0,0.0
2025-03-10 00:00:00-04:00,15.319999694824219,15.930000305175781,14.6899995803833,15.050000190734863,5372200,0.0,0.0
2025-03-11 00:00:00-04:00,15.020000457763672,15.479999542236328,14.739999771118164,14.829999923706055,2639100,0.0,0.0
2025-03-12 00:00:00-04:00,15.029999732971191,15.350000381469727,14.9399995803833,15.100000381469727,1861000,0.0,0.0
2025-03-13 00:00:00-04:00,14.949999809265137,15.220000267028809,14.40999984741211,14.470000267028809,2187200,0.0,0.0
